team_id,year,league_id,level_id,split_id,ab,ip,bf,tb,ha,k,rs,bb,r,er,gb,fb,pi,ipf,g,gs,w,l,s,sa,da,sh,sf,ta,hra,bk,ci,iw,wp,hp,gf,dp,qs,svo,bs,ra,cg,sho,sb,cs,hld,r9,avg,obp,slg,ops,h9,k9,hr9,bb9,cgp,fip,qsp,winp,rsg,svp,bsvp,gfp,era,pig,ws,whip,gbfbp,kbb,babip
1,2024,200,1,1,547,142,596,225,138,119,47,39,53,50,144,150,2227,0,16,16,10,6,4,91,26,3,5,2,19,0,0,4,1,2,16,7,10,6,2,42,0,1,25,4,4,11.3451,0.2523,0.3019,0.4113,0.7132,8.7465,7.5423,1.2042,2.4718,0.0000,3.7701,0.6250,0.6250,2.9375,0.6667,0.3333,0.3810,3.1690,139.1875,0.0000,1.2465,0.4898,3.0513,0.2874
2,2024,200,1,1,510,131,566,259,144,90,31,39,87,84,152,130,2049,0,15,15,4,11,3,89,24,9,4,2,29,1,0,1,5,4,15,14,2,4,1,45,0,0,8,5,6,12.8473,0.2824,0.3357,0.5078,0.8436,9.8931,6.1832,1.9924,2.6794,0.0000,5.3907,0.1333,0.2667,2.0667,0.7500,0.2500,0.3333,5.7710,136.6000,0.0000,1.3969,0.5390,2.3077,0.2911
3,2024,200,1,1,548,142,604,249,143,125,28,42,74,71,139,147,2216,2,16,16,5,11,5,93,19,4,4,6,25,0,0,2,5,6,16,11,6,5,0,45,0,0,10,3,3,12.0491,0.2609,0.3183,0.4544,0.7727,9.0210,7.8855,1.5771,2.6495,0.0000,4.4180,0.3750,0.3125,1.7500,1.0000,0.0000,0.3556,4.4790,138.5000,0.0000,1.2967,0.4860,2.9762,0.2935
4,2024,200,1,1,595,148,668,289,169,106,41,63,81,78,158,163,2486,0,16,16,10,6,6,118,16,3,2,1,34,0,0,4,2,5,16,14,7,11,5,52,0,0,9,1,9,14.4122,0.2840,0.3564,0.4857,0.8421,10.2770,6.4459,2.0676,3.8311,0.0000,5.7764,0.4375,0.6250,2.5625,0.5455,0.4545,0.3077,4.7432,155.3750,0.0000,1.5676,0.4922,1.6825,0.2954
5,2024,200,1,1,526,133,569,251,137,105,46,37,70,69,140,137,2130,2,15,15,8,7,5,85,21,3,0,0,31,0,0,1,6,3,15,11,5,6,1,46,0,1,10,3,7,11.9177,0.2605,0.3127,0.4772,0.7899,9.2244,7.0698,2.0873,2.4913,0.0000,5.2442,0.3333,0.5333,3.0667,0.8333,0.1667,0.3261,4.6459,142.0000,0.0000,1.3017,0.5054,2.8378,0.2718
6,2024,200,1,1,536,145,601,194,119,113,52,58,45,43,151,153,2170,0,16,16,11,5,6,80,20,4,1,2,17,0,0,4,6,2,15,14,14,7,1,35,1,3,8,2,8,11.1103,0.2220,0.2998,0.3619,0.6618,7.3862,7.0138,1.0552,3.6000,0.0625,4.0492,0.8750,0.6875,3.2500,0.8571,0.1429,0.4286,2.6690,135.6250,0.0000,1.2207,0.4967,1.9483,0.2506
7,2024,200,1,1,517,140,594,175,121,120,31,63,43,43,138,146,2220,1,15,15,10,5,7,87,23,5,5,2,9,1,0,13,2,4,15,10,8,10,3,48,0,1,7,5,15,12.0570,0.2340,0.3192,0.3385,0.6577,7.7601,7.6960,0.5772,4.0404,0.0000,3.2029,0.5333,0.6667,2.0667,0.7000,0.3000,0.3125,2.7577,148.0000,0.0000,1.3112,0.4859,1.9048,0.2850
8,2024,200,1,1,535,144,598,195,126,121,82,49,61,57,157,133,2178,2,16,16,11,5,7,87,23,5,2,2,14,0,0,3,0,7,16,14,10,10,3,34,0,0,12,8,4,11.3226,0.2355,0.3069,0.3645,0.6714,7.8387,7.5276,0.8710,3.0484,0.0000,3.6094,0.6250,0.6875,5.1250,0.7000,0.3000,0.4706,3.5461,136.1250,0.0000,1.2097,0.5414,2.4694,0.2786
9,2024,200,1,1,532,141,582,226,132,112,61,39,54,51,144,148,2185,0,16,16,11,5,6,85,22,7,2,3,22,0,0,0,5,2,16,11,8,7,1,38,0,1,8,3,10,11.0426,0.2481,0.3009,0.4248,0.7257,8.4255,7.1489,1.4043,2.4894,0.0000,4.2371,0.5000,0.6875,3.8125,0.8571,0.1429,0.4211,3.2553,136.5625,0.0000,1.2128,0.4932,2.8718,0.2750
10,2024,200,1,1,522,137,567,209,131,116,32,31,56,53,140,140,2014,0,16,16,6,10,3,86,28,4,4,1,16,0,0,3,4,6,15,6,6,3,0,32,1,1,10,3,3,11.0365,0.2510,0.2984,0.4004,0.6988,8.6058,7.6204,1.0511,2.0365,0.0625,3.4944,0.3750,0.3750,2.0000,1.0000,0.0000,0.4688,3.4818,125.8750,0.0000,1.1825,0.5000,3.7419,0.2919
11,2024,200,1,1,543,140,594,241,146,101,49,39,69,66,167,135,2149,0,16,16,7,9,5,97,24,7,2,4,21,0,0,0,2,3,15,11,10,8,3,37,1,0,12,4,5,12.0857,0.2689,0.3203,0.4438,0.7641,9.3857,6.4929,1.3500,2.5071,0.0625,4.3322,0.6250,0.4375,3.0625,0.6250,0.3750,0.4054,4.2429,134.3125,0.0000,1.3214,0.5530,2.5897,0.2955
12,2024,200,1,1,540,139,611,266,149,103,60,58,86,85,158,137,2290,1,16,16,7,9,6,86,35,6,4,2,26,0,0,3,2,3,16,15,8,9,3,45,0,0,4,3,9,13.5646,0.2759,0.3471,0.4926,0.8397,9.6244,6.6531,1.6794,3.7464,0.0000,5.1212,0.5000,0.4375,3.7500,0.6667,0.3333,0.3556,5.4904,143.1250,0.0000,1.4856,0.5356,1.7759,0.2964
13,2024,200,1,1,522,134,591,228,139,93,35,54,80,77,152,140,2153,1,15,15,6,9,4,92,26,4,2,0,21,2,0,1,6,9,15,11,5,7,3,49,0,1,9,7,6,13.5335,0.2663,0.3441,0.4368,0.7809,9.3127,6.2308,1.4069,3.6179,0.0000,4.9573,0.3333,0.4000,2.3333,0.5714,0.4286,0.3061,5.1588,143.5333,0.0000,1.4367,0.5205,1.7222,0.2878
14,2024,200,1,1,568,154,636,213,130,126,22,56,55,55,150,167,2410,0,17,17,10,7,6,89,18,4,3,4,19,1,0,2,4,5,17,13,9,6,0,44,0,3,9,3,2,11.1623,0.2289,0.3022,0.3750,0.6772,7.5974,7.3636,1.1104,3.2727,0.0000,4.0419,0.5294,0.5882,1.2941,1.0000,0.0000,0.3864,3.2143,141.7647,0.0000,1.2078,0.4732,2.2500,0.2606
15,2024,200,1,1,576,153,637,211,132,123,48,51,62,49,165,153,2392,2,16,16,9,7,4,90,22,3,4,3,17,0,0,3,5,3,16,11,7,7,3,55,0,1,7,4,8,10.8937,0.2292,0.2934,0.3663,0.6597,7.7310,7.2039,0.9957,2.9870,0.0000,3.7580,0.4375,0.5625,3.0000,0.5714,0.4286,0.2909,2.8698,149.5000,0.0000,1.1909,0.5189,2.4118,0.2614
16,2024,200,1,1,481,128,538,172,110,124,28,46,56,53,126,124,2048,2,15,15,5,10,4,77,18,6,3,1,14,0,0,3,4,2,15,9,7,6,2,40,0,0,14,3,11,11.0518,0.2287,0.2970,0.3576,0.6546,7.6943,8.6736,0.9793,3.2176,0.0000,0.0000,0.4667,0.3333,1.8667,0.6667,0.3333,0.3750,3.7073,128.0000,0.0000,1.2124,0.5040,2.6957,0.2775
17,2024,200,1,1,586,158,673,231,141,140,60,69,76,75,166,149,2536,0,18,18,11,7,6,90,31,3,7,1,19,2,0,2,5,8,18,15,7,10,4,55,0,0,22,2,11,12.4177,0.2406,0.3254,0.3942,0.7196,8.0316,7.9747,1.0823,3.9304,0.0000,0.0000,0.3889,0.6111,3.3333,0.6000,0.4000,0.3273,4.2722,115.2727,0.0000,1.3291,0.5270,2.0290,0.2811
18,2024,200,1,1,578,142,624,287,170,137,34,39,91,85,135,135,2318,0,16,16,6,10,1,107,33,1,3,6,24,0,0,0,2,3,16,14,5,4,3,53,0,0,7,2,7,13.4366,0.2941,0.3403,0.4965,0.8368,10.7746,8.6831,1.5211,2.4718,0.0000,0.0000,0.3125,0.3750,2.1250,0.2500,0.7500,0.3019,5.3873,122.0000,0.0000,1.4718,0.5000,3.5128,0.3476
19,2024,200,1,1,558,145,637,240,147,97,40,66,84,84,150,168,2308,1,16,16,5,11,2,99,24,5,2,3,21,0,0,8,10,6,16,14,4,6,4,50,0,1,11,3,6,13.5619,0.2634,0.3465,0.4301,0.7766,9.1032,6.0069,1.3005,4.0872,0.0000,0.0000,0.2500,0.3125,2.5000,0.3333,0.6667,0.3200,5.2018,115.4000,0.0000,1.4656,0.4717,1.4697,0.2851
20,2024,200,1,1,523,141,588,195,120,123,76,50,54,49,146,139,2208,0,16,16,10,6,2,71,35,5,6,2,12,1,0,0,1,4,15,12,8,3,1,39,1,3,4,1,4,11.1064,0.2294,0.2985,0.3728,0.6713,7.6596,7.8511,0.7660,3.1915,0.0625,0.0000,0.5000,0.6250,4.7500,0.6667,0.3333,0.3846,3.1277,116.2105,0.0000,1.2057,0.5123,2.4600,0.2741
21,2024,200,1,1,544,139,610,236,143,106,49,57,86,81,158,135,2242,1,16,16,8,8,4,95,25,2,1,1,22,0,0,5,7,6,16,13,9,6,2,37,0,0,11,3,1,13.3062,0.2629,0.3388,0.4338,0.7726,9.2368,6.8469,1.4211,3.6818,0.0000,0.0000,0.5625,0.5000,3.0625,0.6667,0.3333,0.4324,5.2321,131.8824,0.0000,1.4354,0.5392,1.8596,0.2902
22,2024,200,1,1,548,137,616,245,163,104,45,53,82,77,167,122,2176,1,16,16,5,11,4,117,27,8,3,2,17,0,1,4,5,3,16,16,7,5,1,38,0,0,21,2,1,14.3519,0.2974,0.3608,0.4471,0.8079,10.6820,6.8155,1.1141,3.4733,0.0000,0.0000,0.4375,0.3125,2.8125,0.8000,0.2000,0.4211,5.0461,128.0000,0.0000,1.5728,0.5779,1.9623,0.3395
23,2024,200,1,1,538,142,601,226,139,110,52,47,76,74,149,147,2191,0,16,16,9,7,6,87,34,6,5,1,17,0,0,4,6,5,16,16,9,9,3,40,0,1,8,3,5,12.1056,0.2584,0.3210,0.4201,0.7411,8.8099,6.9718,1.0775,2.9789,0.0000,0.0000,0.5625,0.5625,3.2500,0.6667,0.3333,0.4000,4.6901,128.8824,0.0000,1.3099,0.5034,2.3404,0.2933
24,2024,200,1,1,547,141,612,231,142,111,43,57,76,76,143,153,2237,0,16,16,7,9,2,95,25,2,3,2,20,1,0,6,3,3,16,12,6,4,2,49,0,0,10,2,3,12.8936,0.2596,0.3311,0.4223,0.7535,9.0638,7.0851,1.2766,3.6383,0.0000,0.0000,0.3750,0.4375,2.6875,0.5000,0.5000,0.3265,4.8511,106.5238,0.0000,1.4113,0.4831,1.9474,0.2912
25,2024,200,1,1,556,144,636,210,144,111,66,67,59,58,168,136,2252,0,16,16,8,8,2,111,15,3,4,3,15,0,0,1,2,6,16,15,15,3,1,34,0,1,8,1,2,13.5625,0.2590,0.3428,0.3777,0.7205,9.0000,6.9375,0.9375,4.1875,0.0000,0.0000,0.9375,0.5000,4.1250,0.6667,0.3333,0.4706,3.6250,125.1111,0.0000,1.4653,0.5526,1.6567,0.2972
26,2024,200,1,1,567,141,615,245,164,109,51,42,68,61,162,132,2316,0,16,16,8,8,4,115,33,1,3,0,16,0,0,1,1,2,16,14,7,4,0,41,0,0,7,3,4,13.2766,0.2892,0.3388,0.4321,0.7709,10.4681,6.9574,1.0213,2.6809,0.0000,0.0000,0.4375,0.5000,3.1875,1.0000,0.0000,0.3902,3.8936,121.8947,0.0000,1.4610,0.5510,2.5952,0.3326
27,2024,200,1,1,516,132,566,201,137,86,48,40,64,62,152,145,1975,2,15,15,5,10,2,102,20,4,3,1,14,0,0,2,6,3,13,14,8,2,0,32,2,1,17,1,2,12.2111,0.2655,0.3203,0.3895,0.7098,9.2940,5.8342,0.9497,2.7136,0.1333,0.0000,0.5333,0.3333,3.2000,1.0000,0.0000,0.4062,4.2060,109.7222,0.0000,1.3342,0.5118,2.1500,0.2936
28,2024,200,1,1,588,140,660,362,196,113,47,57,129,129,149,138,2434,0,16,16,5,11,2,115,36,5,4,5,40,1,0,3,5,6,16,15,4,4,2,45,0,0,16,1,1,16.6500,0.3333,0.3954,0.6156,1.0111,12.6000,7.2643,2.5714,3.6643,0.0000,0.0000,0.2500,0.3125,2.9375,0.5000,0.5000,0.3556,8.2929,128.1053,0.0000,1.8071,0.5192,1.9825,0.3554
29,2024,200,1,1,618,165,679,239,146,133,70,53,68,68,185,159,2470,0,18,18,12,6,9,93,30,3,4,6,17,0,0,5,3,1,18,16,13,11,2,41,0,0,14,2,3,10.9091,0.2362,0.2959,0.3867,0.6826,7.9636,7.2545,0.9273,2.8909,0.0000,0.0000,0.7222,0.6667,3.8889,0.8182,0.1818,0.4390,3.7091,130.0000,0.0000,1.2061,0.5378,2.5094,0.2733
30,2024,200,1,1,490,131,553,213,122,99,47,50,65,64,154,122,1978,0,15,15,10,5,9,75,24,6,4,2,21,0,0,4,3,3,15,12,9,11,2,36,0,1,8,1,7,12.0229,0.2490,0.3199,0.4347,0.7546,8.3817,6.8015,1.4427,3.4351,0.0000,0.0000,0.6000,0.6667,3.1333,0.8182,0.1818,0.4167,4.3969,116.3529,0.0000,1.3130,0.5580,1.9800,0.2701
31,2024,201,2,1,305,80,342,119,76,68,29,32,37,37,82,76,1253,0,9,9,5,4,0,50,17,0,1,1,8,1,2,0,2,2,9,11,6,2,2,20,0,1,2,2,1,12.3750,0.2492,0.3235,0.3902,0.7137,8.5500,7.6500,0.9000,3.6000,0.0000,0.0000,0.6667,0.5556,3.2222,0.0000,1.0000,0.4500,4.1625,89.5000,0.0000,1.3500,0.5190,2.1250,0.2957
32,2024,201,2,1,302,81,336,101,69,58,26,26,25,25,90,85,1235,0,9,9,6,3,5,49,12,0,1,4,4,0,0,1,2,7,9,9,6,7,2,19,0,1,1,1,4,11.3333,0.2285,0.3036,0.3344,0.6380,7.6667,6.4444,0.4444,2.8889,0.0000,0.0000,0.6667,0.6667,2.8889,0.7143,0.2857,0.4737,2.7778,123.5000,0.0000,1.1728,0.5143,2.2308,0.2697
33,2024,201,2,1,300,78,334,123,78,51,25,23,40,39,85,87,1206,0,9,9,3,6,0,49,20,1,2,2,7,0,0,4,4,8,9,5,4,0,0,16,0,0,3,2,1,12.5769,0.2600,0.3273,0.4100,0.7373,9.0000,5.8846,0.8077,2.6538,0.0000,0.0000,0.4444,0.3333,2.7778,0.0000,0.0000,0.5625,4.5000,100.5000,0.0000,1.2949,0.4942,2.2174,0.2910
34,2024,201,2,1,317,79,353,133,86,48,25,27,38,28,94,88,1253,0,9,9,6,3,5,59,16,1,3,2,9,3,1,0,1,4,9,6,4,6,1,20,0,0,8,1,4,13.3291,0.2713,0.3333,0.4196,0.7529,9.7975,5.4684,1.0253,3.0759,0.0000,0.0000,0.4444,0.6667,2.7778,0.8333,0.1667,0.4500,3.1899,104.4167,0.0000,1.4304,0.5165,1.7778,0.2928
35,2024,201,2,1,285,77,318,102,61,51,27,26,31,27,67,105,1126,0,9,9,5,4,4,39,12,1,2,1,9,0,0,0,1,4,8,4,4,4,0,13,1,1,9,1,2,10.6364,0.2140,0.2871,0.3579,0.6450,7.1299,5.9610,1.0519,3.0390,0.1111,0.0000,0.4444,0.5556,3.0000,1.0000,0.0000,0.6154,3.1558,125.1111,0.0000,1.1299,0.3895,1.9615,0.2291
36,2024,201,2,1,322,87,362,117,74,65,26,31,35,34,98,87,1372,0,10,10,6,4,4,49,16,4,1,0,9,0,0,0,2,4,10,11,3,5,0,20,0,0,13,0,4,11.2759,0.2298,0.3045,0.3634,0.6678,7.6552,6.7241,0.9310,3.2069,0.0000,0.0000,0.3000,0.6000,2.6000,1.0000,0.0000,0.5000,3.5172,114.3333,0.0000,1.2069,0.5297,2.0968,0.2610
37,2024,201,2,1,298,80,338,122,68,66,19,31,41,38,96,69,1300,0,9,9,2,7,0,40,15,5,1,0,13,2,0,0,6,3,9,8,2,0,0,26,0,0,4,1,0,11.4750,0.2282,0.3063,0.4094,0.7157,7.6500,7.4250,1.4625,3.4875,0.0000,0.0000,0.2222,0.2222,2.1111,0.0000,0.0000,0.3462,4.2750,100.0000,0.0000,1.2375,0.5818,2.1290,0.2500
38,2024,201,2,1,326,81,373,137,92,78,37,35,54,51,94,64,1377,0,9,9,3,6,1,60,25,2,3,1,6,1,0,1,3,7,9,3,2,1,0,21,0,1,10,4,0,14.8889,0.2822,0.3612,0.4202,0.7814,10.2222,8.6667,0.6667,3.8889,0.0000,0.0000,0.2222,0.3333,4.1111,1.0000,0.0000,0.4286,5.6667,137.7000,0.0000,1.5679,0.5949,2.2286,0.3510
39,2024,201,2,1,311,79,347,129,81,54,29,28,43,40,92,83,1254,0,9,9,4,5,3,52,19,1,1,1,9,1,0,1,2,6,9,9,4,3,0,18,0,1,3,1,2,13.1013,0.2605,0.3324,0.4148,0.7472,9.2278,6.1519,1.0253,3.1899,0.0000,0.0000,0.4444,0.4444,3.2222,1.0000,0.0000,0.5000,4.5570,125.4000,0.0000,1.3797,0.5257,1.9286,0.2892
40,2024,201,2,1,299,80,329,118,71,57,21,22,30,28,85,87,1191,0,9,9,6,3,5,41,21,2,2,1,8,1,0,0,3,4,8,8,3,6,1,15,1,1,8,2,3,10.9125,0.2375,0.2966,0.3946,0.6913,7.9875,6.4125,0.9000,2.4750,0.1111,0.0000,0.3333,0.6667,2.3333,0.8333,0.1667,0.5333,3.1500,108.2727,0.0000,1.1625,0.4942,2.5909,0.2669
41,2024,201,2,1,330,79,362,179,107,54,19,20,54,53,91,83,1261,0,9,9,3,6,3,64,26,2,4,5,12,1,0,0,2,6,9,4,5,4,1,21,0,0,4,4,0,15.1519,0.3242,0.3694,0.5424,0.9119,12.1899,6.1519,1.3671,2.2785,0.0000,0.0000,0.5556,0.3333,2.1111,0.7500,0.2500,0.4286,6.0380,126.1000,0.0000,1.6076,0.5230,2.7000,0.3545
42,2024,201,2,1,339,78,377,162,107,66,35,32,56,56,83,79,1310,1,9,9,3,6,1,75,20,2,0,1,11,0,0,0,3,4,9,8,4,4,3,20,0,0,8,1,4,16.4298,0.3156,0.3813,0.4779,0.8592,12.2936,7.5830,1.2638,3.6766,0.0000,0.0000,0.4444,0.3333,3.8889,0.2500,0.7500,0.4500,6.4340,100.7692,0.0000,1.7745,0.5123,2.0625,0.3664
43,2024,201,2,1,311,81,352,121,76,56,37,33,45,42,86,93,1208,0,9,9,4,5,3,52,13,1,2,1,10,0,0,0,3,5,9,6,3,4,1,19,0,0,6,3,3,12.6667,0.2444,0.3248,0.3891,0.7139,8.4444,6.2222,1.1111,3.6667,0.0000,0.0000,0.3333,0.4444,4.1111,0.7500,0.2500,0.4737,4.6667,120.8000,0.0000,1.3457,0.4804,1.6970,0.2672
44,2024,201,2,1,295,80,329,93,58,50,35,26,24,24,81,107,1213,0,9,9,6,3,2,39,11,2,2,0,8,0,0,0,1,4,7,1,6,2,0,12,2,3,17,1,1,9.9000,0.1966,0.2691,0.3153,0.5844,6.5250,5.6250,0.9000,2.9250,0.2222,0.0000,0.6667,0.6667,3.8889,1.0000,0.0000,0.5833,2.7000,121.3000,0.0000,1.0500,0.4309,1.9231,0.2092
45,2024,201,2,1,360,90,404,154,98,73,29,36,49,48,109,76,1462,0,10,10,5,5,4,68,16,1,2,2,12,0,0,0,5,5,10,9,5,6,2,21,0,0,3,1,0,13.9000,0.2722,0.3449,0.4278,0.7727,9.8000,7.3000,1.2000,3.6000,0.0000,0.0000,0.5000,0.5000,2.9000,0.6667,0.3333,0.4762,4.8000,104.4286,0.0000,1.4889,0.5892,2.0278,0.3105
46,2024,201,2,1,339,90,378,120,83,66,30,33,31,30,108,83,1397,0,10,10,6,4,5,59,17,1,2,1,6,1,0,0,2,3,10,9,6,8,2,26,0,0,14,2,2,11.9000,0.2448,0.3156,0.3540,0.6696,8.3000,6.6000,0.6000,3.3000,0.0000,0.0000,0.6000,0.6000,3.0000,0.7143,0.2500,0.3846,3.0000,116.4167,0.0000,1.2889,0.5654,2.0000,0.2862
47,2024,201,2,1,301,78,332,108,70,34,15,29,33,31,90,103,1214,1,9,9,4,5,4,52,8,1,0,0,10,0,0,0,1,1,9,7,4,5,1,18,0,1,6,0,2,11.4894,0.2326,0.3021,0.3588,0.6609,8.0426,3.9064,1.1489,3.3319,0.0000,0.0000,0.4444,0.4444,1.6667,0.8000,0.2000,0.5000,3.5617,121.4000,0.0000,1.2638,0.4663,1.1724,0.2335
48,2024,201,2,1,288,77,321,102,66,47,21,26,25,25,86,90,1228,1,9,9,3,6,1,41,19,2,1,1,5,0,0,1,3,4,9,4,6,1,0,15,0,1,8,5,2,11.1724,0.2292,0.3009,0.3542,0.6551,7.6810,5.4698,0.5819,3.0259,0.0000,0.0000,0.6667,0.3333,2.3333,1.0000,0.0000,0.6000,2.9095,111.6364,0.0000,1.1897,0.4886,1.8077,0.2574
49,2024,201,2,1,335,86,369,141,87,53,31,26,37,35,104,87,1334,0,10,10,5,5,4,58,16,0,2,1,12,0,0,0,2,6,10,12,6,7,2,16,0,1,9,2,1,12.4535,0.2597,0.3225,0.4209,0.7434,9.1047,5.5465,1.2558,2.7209,0.0000,0.0000,0.6000,0.5000,3.1000,0.6667,0.2857,0.6250,3.6628,111.1667,0.0000,1.3140,0.5445,2.0385,0.2757
50,2024,201,2,1,341,89,390,156,94,65,22,45,53,51,97,82,1456,0,10,10,4,6,3,59,20,0,2,3,12,1,0,4,3,2,10,12,6,5,2,30,0,0,6,8,4,14.2584,0.2757,0.3615,0.4575,0.8190,9.5056,6.5730,1.2135,4.5506,0.0000,0.0000,0.6000,0.4000,2.2000,0.6000,0.4000,0.3333,5.1573,104.0000,0.0000,1.5618,0.5419,1.4444,0.3083
51,2024,201,2,1,370,93,404,156,100,69,42,29,42,41,103,98,1501,2,10,10,6,4,4,72,13,2,0,2,13,0,0,0,4,3,10,9,6,5,1,18,0,0,9,1,1,12.6833,0.2703,0.3284,0.4216,0.7500,9.6085,6.6299,1.2491,2.7865,0.0000,0.0000,0.6000,0.6000,4.2000,0.8000,0.2000,0.5556,3.9395,136.4545,0.0000,1.3772,0.5124,2.3793,0.3021
52,2024,201,2,1,340,88,376,127,82,61,15,32,34,32,87,108,1349,0,9,9,4,5,1,54,19,2,0,1,8,0,0,2,2,2,9,5,5,2,1,21,0,0,5,2,1,11.8636,0.2412,0.3102,0.3735,0.6837,8.3864,6.2386,0.8182,3.2727,0.0000,0.0000,0.5556,0.4444,1.6667,0.5000,0.5000,0.4286,3.2727,122.6364,0.0000,1.2955,0.4462,1.9062,0.2731
53,2024,201,2,1,339,86,377,146,98,61,26,31,40,36,85,90,1374,0,10,10,5,5,3,66,24,1,1,0,8,0,0,0,1,5,10,15,6,4,1,19,0,0,6,4,1,14.0233,0.2891,0.3564,0.4307,0.7871,10.2558,6.3837,0.8372,3.2442,0.0000,0.0000,0.6000,0.5000,2.6000,0.7500,0.2500,0.5263,3.7674,124.9091,0.0000,1.5000,0.4857,1.9677,0.3321
54,2024,201,2,1,341,88,381,140,89,55,36,33,47,45,114,86,1388,0,10,10,4,6,0,59,18,2,2,3,9,0,0,1,3,3,10,7,5,2,2,18,0,0,6,1,0,12.7841,0.2610,0.3298,0.4106,0.7404,9.1023,5.6250,0.9205,3.3750,0.0000,0.0000,0.5000,0.4000,3.6000,0.0000,1.0000,0.5556,4.6023,106.7692,0.0000,1.3864,0.5700,1.6667,0.2867
55,2024,201,2,1,349,86,400,142,101,69,32,41,51,43,97,84,1479,0,10,10,5,5,3,76,17,5,3,0,8,0,0,0,4,2,10,5,2,3,0,23,0,0,5,2,4,15.0698,0.2894,0.3646,0.4069,0.7714,10.5698,7.2209,0.8372,4.2907,0.0000,0.0000,0.2000,0.5000,3.2000,1.0000,0.0000,0.4348,4.5000,123.2500,0.0000,1.6512,0.5359,1.6829,0.3382
56,2024,201,2,1,354,88,408,167,108,60,9,36,66,61,103,92,1504,0,10,10,4,6,4,78,15,5,7,1,14,1,0,0,1,6,10,4,3,4,0,25,0,1,15,5,2,15.3409,0.3051,0.3722,0.4718,0.8440,11.0455,6.1364,1.4318,3.6818,0.0000,0.0000,0.3000,0.4000,0.9000,1.0000,0.0000,0.4000,6.2386,125.3333,0.0000,1.6364,0.5282,1.6667,0.3275
57,2024,201,2,1,365,95,403,146,92,76,27,32,37,37,97,101,1517,1,10,10,9,1,6,62,17,1,1,2,11,0,0,1,4,4,10,10,3,7,1,30,0,2,13,2,7,12.0839,0.2521,0.3184,0.4000,0.7184,8.6853,7.1748,1.0385,3.0210,0.0000,0.0000,0.3000,0.9000,2.7000,0.8571,0.1429,0.3333,3.4930,108.3571,0.0000,1.3007,0.4899,2.3750,0.2903
58,2024,201,2,1,300,78,335,126,74,57,26,30,35,34,91,77,1245,0,9,9,3,6,1,44,19,3,0,0,11,0,0,0,0,2,9,7,6,2,1,16,0,0,7,1,1,12.2308,0.2467,0.3193,0.4200,0.7393,8.5385,6.5769,1.2692,3.4615,0.0000,0.0000,0.6667,0.3333,2.8889,0.5000,0.5000,0.5625,3.9231,124.5000,0.0000,1.3333,0.5417,1.9000,0.2716
59,2024,201,2,1,334,93,364,110,68,78,40,23,28,25,91,101,1350,1,10,10,7,3,3,46,11,2,4,2,9,0,0,0,1,1,10,9,5,4,1,26,0,2,9,2,4,8.8714,0.2036,0.2541,0.3293,0.5835,6.5571,7.5214,0.8679,2.2179,0.0000,0.0000,0.5000,0.7000,4.0000,0.7500,0.2500,0.3846,2.4107,112.5000,0.0000,0.9750,0.4740,3.3913,0.2351
60,2024,201,2,1,324,81,360,154,90,68,35,29,43,41,80,88,1345,0,9,9,5,4,2,55,20,0,4,1,14,0,0,3,2,3,9,7,5,2,0,23,0,1,4,0,4,13.5556,0.2778,0.3389,0.4753,0.8142,10.0000,7.5556,1.5556,3.2222,0.0000,0.0000,0.5556,0.5556,3.8889,1.0000,0.0000,0.3913,4.5556,112.0833,0.0000,1.4691,0.4762,2.3448,0.3089
61,2024,202,3,1,197,54,215,56,44,50,23,16,7,7,45,58,783,0,6,6,6,0,5,36,6,0,1,0,2,0,0,0,0,1,6,6,5,6,0,9,0,1,9,2,2,10.1667,0.2234,0.2837,0.2843,0.5680,7.3333,8.3333,0.3333,2.6667,0.0000,0.0000,0.8333,1.0000,3.8333,1.0000,0.0000,0.6667,1.1667,111.8571,0.0000,1.1111,0.4369,3.1250,0.2877
62,2024,202,3,1,217,53,248,86,60,50,9,26,31,26,46,60,937,0,6,6,2,4,1,48,5,1,2,0,7,0,0,1,3,2,6,2,2,1,0,16,0,0,7,2,1,14.9434,0.2765,0.3563,0.3963,0.7526,10.1887,8.4906,1.1887,4.4151,0.0000,0.0000,0.3333,0.3333,1.5000,1.0000,0.0000,0.3750,4.4151,93.7000,0.0000,1.6226,0.4340,1.9231,0.3272
63,2024,202,3,1,200,52,226,90,52,46,33,23,31,25,54,45,823,0,6,6,3,3,1,35,6,0,0,1,10,0,0,0,3,3,6,8,2,2,1,13,0,0,2,3,1,13.5000,0.2600,0.3451,0.4500,0.7951,9.0000,7.9615,1.7308,3.9808,0.0000,0.0000,0.3333,0.5000,5.5000,0.5000,0.5000,0.4615,4.3269,91.4444,0.0000,1.4423,0.5455,2.0000,0.2917
64,2024,202,3,1,244,63,281,99,67,55,18,33,35,34,58,65,1031,0,6,6,4,2,3,51,8,1,2,0,8,0,0,1,2,1,6,9,1,4,1,22,0,0,7,1,4,14.4286,0.2746,0.3607,0.4057,0.7665,9.5714,7.8571,1.1429,4.7143,0.0000,0.0000,0.1667,0.6667,3.0000,0.7500,0.2500,0.2727,4.8571,79.3077,0.0000,1.5873,0.4715,1.6667,0.3224
65,2024,202,3,1,201,51,222,88,51,45,9,15,29,28,45,58,818,0,6,6,1,5,0,33,8,0,1,1,9,0,0,0,3,5,6,3,1,0,0,11,0,0,2,1,1,12.5294,0.2537,0.3198,0.4378,0.7576,9.0000,7.9412,1.5882,2.6471,0.0000,0.0000,0.1667,0.1667,1.5000,0.0000,0.0000,0.5455,4.9412,102.2500,0.0000,1.2941,0.4369,3.0000,0.2838
66,2024,202,3,1,211,54,229,84,57,43,14,14,24,24,59,53,850,0,6,6,3,3,2,37,16,1,1,1,3,0,0,0,2,2,6,5,3,2,0,12,0,1,5,2,2,12.1667,0.2701,0.3202,0.3981,0.7183,9.5000,7.1667,0.5000,2.3333,0.0000,0.0000,0.5000,0.5000,2.3333,1.0000,0.0000,0.5000,4.0000,106.2500,0.0000,1.3148,0.5268,3.0714,0.3253
67,2024,202,3,1,70,18,77,42,17,20,3,7,11,11,19,12,280,0,2,2,1,1,0,6,4,0,0,0,7,0,0,0,0,0,2,3,0,0,0,5,0,0,0,0,0,12.0000,0.2429,0.3117,0.6000,0.9117,8.5000,10.0000,3.5000,3.5000,0.0000,0.0000,0.0000,0.5000,1.5000,0.0000,0.0000,0.4000,5.5000,70.0000,0.0000,1.3333,0.6129,2.8571,0.2326
68,2024,202,3,1,191,53,226,52,37,48,23,27,15,15,52,55,857,0,6,6,5,1,2,30,3,2,2,0,4,1,0,0,2,4,6,4,4,2,0,10,0,1,0,1,2,11.5472,0.1937,0.3036,0.2723,0.5758,6.2830,8.1509,0.6792,4.5849,0.0000,0.0000,0.6667,0.8333,3.8333,1.0000,0.0000,0.6000,2.5472,107.1250,0.0000,1.2075,0.4860,1.7778,0.2340
69,2024,202,3,1,199,55,221,66,38,48,23,18,17,16,50,63,792,0,6,6,5,1,3,23,8,1,1,1,6,0,1,0,0,1,5,2,4,4,1,12,1,1,1,2,2,9.3273,0.1910,0.2603,0.3317,0.5919,6.2182,7.8545,0.9818,2.9455,0.1667,0.0000,0.6667,0.8333,3.8333,0.7500,0.2500,0.4167,2.6182,113.1429,0.0000,1.0182,0.4425,2.6667,0.2192
70,2024,202,3,1,179,49,209,77,45,24,17,26,24,24,54,56,813,0,6,6,1,5,0,27,11,0,1,0,7,0,0,1,2,3,5,9,4,0,0,8,1,0,0,3,0,13.5918,0.2514,0.3541,0.4302,0.7842,8.2653,4.4082,1.2857,4.7755,0.1667,0.0000,0.6667,0.1667,2.8333,0.0000,0.0000,0.6250,4.4082,116.1429,0.0000,1.4490,0.4909,0.9231,0.2550
71,2024,202,3,1,187,50,207,61,41,44,10,17,14,14,49,51,746,1,6,6,2,4,2,31,5,0,1,0,5,0,0,2,1,2,5,5,3,2,0,8,1,1,3,1,1,10.7285,0.2193,0.2899,0.3262,0.6161,7.3311,7.8675,0.8940,3.0397,0.1667,0.0000,0.5000,0.3333,1.6667,1.0000,0.0000,0.6250,2.5033,93.2500,0.0000,1.1523,0.4900,2.5882,0.2590
72,2024,202,3,1,132,36,151,50,29,30,7,16,14,13,38,35,573,0,4,4,2,2,1,17,7,2,0,1,4,0,0,1,0,1,4,3,1,3,2,10,0,0,4,1,3,11.5000,0.2197,0.3087,0.3788,0.6875,7.2500,7.5000,1.0000,4.0000,0.0000,0.0000,0.2500,0.5000,1.7500,0.3333,0.6667,0.4000,3.2500,71.6250,0.0000,1.2500,0.5205,1.8750,0.2551
73,2024,202,3,1,214,53,236,95,61,45,19,17,30,29,64,42,899,0,6,6,4,2,2,47,4,1,0,0,10,0,0,0,0,4,6,6,3,3,1,15,0,0,14,2,1,13.9245,0.2850,0.3489,0.4439,0.7929,10.3585,7.6415,1.6981,2.8868,0.0000,0.0000,0.5000,0.6667,3.1667,0.6667,0.3333,0.4000,4.9245,99.8889,0.0000,1.4717,0.6038,2.6471,0.3208
74,2024,202,3,1,229,59,269,83,57,48,3,35,35,29,51,70,1063,0,6,6,0,6,0,39,13,0,0,2,3,0,0,2,5,5,5,5,1,0,0,24,1,0,10,1,0,14.7966,0.2489,0.3606,0.3624,0.7230,8.6949,7.3220,0.4576,5.3390,0.1667,0.0000,0.1667,0.0000,0.5000,0.0000,0.0000,0.2083,4.4237,75.9286,0.0000,1.5593,0.4215,1.3714,0.3034
75,2024,202,3,1,211,52,228,91,61,39,19,12,33,31,55,57,833,0,6,6,3,3,2,43,12,1,2,0,6,0,0,0,0,2,6,4,2,3,1,14,0,0,7,0,3,12.9808,0.2891,0.3304,0.4313,0.7617,10.5577,6.7500,1.0385,2.0769,0.0000,0.0000,0.3333,0.5000,3.1667,0.6667,0.3333,0.4286,5.3654,92.5556,0.0000,1.4038,0.4911,3.2500,0.3274
76,2024,202,3,1,76,20,84,32,18,20,12,8,10,10,19,19,322,0,2,2,2,0,1,10,5,0,0,0,3,0,0,0,0,0,2,2,0,1,0,4,0,0,1,0,1,11.7000,0.2368,0.3095,0.4211,0.7306,8.1000,9.0000,1.3500,3.6000,0.0000,0.0000,0.0000,1.0000,6.0000,1.0000,0.0000,0.5000,4.5000,80.5000,0.0000,1.3000,0.5000,2.5000,0.2830
77,2024,202,3,1,202,53,229,73,48,54,25,21,24,24,42,60,860,0,6,6,4,2,1,32,11,0,3,1,4,0,0,0,3,3,5,2,3,2,1,12,1,1,2,1,1,12.2264,0.2376,0.3144,0.3614,0.6758,8.1509,9.1698,0.6792,3.5660,0.1667,0.0000,0.5000,0.6667,4.1667,0.5000,0.5000,0.4167,4.0755,86.0000,0.0000,1.3019,0.4118,2.5714,0.2993
78,2024,202,3,1,216,55,242,85,56,52,10,21,29,27,57,52,908,1,6,6,2,4,2,39,11,0,2,0,6,0,0,0,4,3,6,2,3,4,1,16,0,1,9,3,3,13.0120,0.2593,0.3306,0.3935,0.7241,9.1084,8.4578,0.9759,3.4157,0.0000,0.0000,0.5000,0.3333,1.6667,0.6667,0.2500,0.3750,4.3916,100.8889,0.0000,1.3916,0.5229,2.4762,0.3125
79,2024,202,3,1,193,49,222,86,46,35,10,23,34,32,55,53,821,2,6,6,1,5,1,25,11,0,0,1,9,1,0,1,1,6,6,6,2,2,1,10,0,0,0,0,1,13.5906,0.2383,0.3378,0.4456,0.7834,8.3356,6.3423,1.6309,4.1678,0.0000,0.0000,0.3333,0.1667,1.6667,0.5000,0.5000,0.6000,5.7987,102.6250,0.0000,1.3893,0.5093,1.5217,0.2483
80,2024,202,3,1,206,56,231,86,47,41,15,20,21,21,73,47,849,0,6,6,5,1,3,26,12,2,2,0,9,0,0,0,1,1,6,4,4,3,0,15,0,0,6,2,3,10.9286,0.2282,0.2969,0.4175,0.7144,7.5536,6.5893,1.4464,3.2143,0.0000,0.0000,0.6667,0.8333,2.5000,1.0000,0.0000,0.4000,3.3750,94.3333,0.0000,1.1964,0.6083,2.0500,0.2405
81,2024,202,3,1,235,56,267,133,73,49,13,25,47,43,54,59,963,0,6,6,0,6,0,41,18,1,3,0,14,0,0,2,0,3,6,3,1,2,2,21,0,0,8,2,1,16.2321,0.3106,0.3797,0.5660,0.9457,11.7321,7.8750,2.2500,4.0179,0.0000,0.0000,0.1667,0.0000,2.1667,0.0000,1.0000,0.2857,6.9107,96.3000,0.0000,1.7500,0.4779,1.9600,0.3371
82,2024,202,3,1,229,58,264,80,59,55,31,26,31,29,47,66,980,2,6,6,4,2,1,47,7,2,2,1,4,0,0,0,3,5,6,7,3,2,1,13,0,0,12,1,0,13.8068,0.2576,0.3435,0.3493,0.6929,9.0511,8.4375,0.6136,3.9886,0.0000,0.0000,0.5000,0.6667,5.1667,0.5000,0.5000,0.4615,4.4489,108.8889,0.0000,1.4489,0.4159,2.1154,0.3198
83,2024,202,3,1,201,54,218,66,46,41,29,15,15,15,59,55,791,0,6,6,5,1,3,36,5,0,1,0,5,0,0,0,2,1,6,4,2,4,0,10,0,2,7,1,1,10.3333,0.2289,0.2844,0.3284,0.6128,7.6667,6.8333,0.8333,2.5000,0.0000,0.0000,0.3333,0.8333,4.8333,1.0000,0.0000,0.6000,2.5000,98.8750,0.0000,1.1296,0.5175,2.7333,0.2628
84,2024,202,3,1,224,58,256,100,55,56,10,19,37,33,45,68,936,0,6,6,2,4,1,30,14,2,3,2,9,1,0,0,1,8,6,1,2,2,1,16,0,0,11,2,0,12.7241,0.2455,0.3228,0.4464,0.7693,8.5345,8.6897,1.3966,2.9483,0.0000,0.0000,0.3333,0.3333,1.6667,0.5000,0.5000,0.3750,5.1207,104.0000,0.0000,1.2759,0.3982,2.9474,0.2840
85,2024,202,3,1,167,42,187,64,45,44,12,17,18,16,40,39,674,0,4,4,2,2,1,33,8,2,1,1,3,0,0,2,1,0,4,1,2,1,0,10,0,0,4,0,1,13.2857,0.2695,0.3351,0.3832,0.7184,9.6429,9.4286,0.6429,3.6429,0.0000,0.0000,0.5000,0.5000,3.0000,1.0000,0.0000,0.4000,3.4286,134.8000,0.0000,1.4762,0.5063,2.5882,0.3471
86,2024,202,3,1,187,53,211,58,34,44,22,18,13,10,55,56,779,0,6,6,5,1,3,23,4,3,1,1,6,0,0,1,0,2,5,4,6,3,0,10,1,1,1,0,1,9.1698,0.1818,0.2596,0.3102,0.5698,5.7736,7.4717,1.0189,3.0566,0.1667,0.0000,1.0000,0.8333,3.6667,1.0000,0.0000,0.5000,1.6981,97.3750,0.0000,0.9811,0.4955,2.4444,0.2029
87,2024,202,3,1,201,53,233,76,53,41,14,20,26,26,51,62,885,0,6,6,3,3,0,36,13,2,4,2,2,0,0,0,0,6,6,3,3,0,0,15,0,1,6,0,0,13.4151,0.2637,0.3420,0.3781,0.7201,9.0000,6.9623,0.3396,3.3962,0.0000,0.0000,0.5000,0.5000,2.3333,0.0000,0.0000,0.4000,4.4151,110.6250,0.0000,1.3774,0.4513,2.0500,0.3148
88,2024,202,3,1,210,55,233,103,55,44,15,19,21,19,58,53,847,0,6,6,2,4,1,29,14,0,2,2,10,0,0,1,0,2,5,5,3,2,1,14,1,0,6,6,1,12.4364,0.2619,0.3262,0.4905,0.8167,9.0000,7.2000,1.6364,3.1091,0.1667,0.0000,0.5000,0.3333,2.5000,0.5000,0.5000,0.3571,3.1091,121.0000,0.0000,1.3455,0.5225,2.3158,0.2848
89,2024,202,3,1,194,53,226,65,47,44,8,24,18,15,43,63,818,0,6,6,3,3,3,37,6,2,3,0,4,0,0,0,1,3,6,6,4,4,1,14,0,0,3,2,2,12.5660,0.2423,0.3304,0.3351,0.6654,7.9811,7.4717,0.6792,4.0755,0.0000,0.0000,0.6667,0.5000,1.3333,0.7500,0.2500,0.4286,2.5472,90.8889,0.0000,1.3396,0.4057,1.8333,0.2886
90,2024,202,3,1,222,55,255,104,59,47,17,25,39,37,53,63,940,0,6,6,2,4,2,36,12,3,2,0,11,0,0,0,1,3,6,0,1,3,1,17,0,0,4,2,4,14.2364,0.2658,0.3452,0.4685,0.8137,9.6545,7.6909,1.8000,4.0909,0.0000,0.0000,0.1667,0.3333,2.8333,0.6667,0.3333,0.3529,6.0545,104.4444,0.0000,1.5273,0.4569,1.8800,0.2892
91,2024,203,4,1,152,38,159,67,43,41,5,6,11,10,40,27,574,0,4,4,1,3,1,31,6,0,0,0,6,0,0,0,1,1,4,4,3,2,1,9,0,1,0,2,1,11.8421,0.2829,0.3145,0.4408,0.7553,10.1842,9.7105,1.4211,1.4211,0.0000,0.0000,0.7500,0.2500,1.2500,0.5000,0.5000,0.4444,2.3684,95.6667,0.0000,1.2895,0.5970,6.8333,0.3524
92,2024,203,4,1,206,54,244,83,49,41,9,31,33,32,65,53,935,0,6,6,2,4,1,33,6,2,1,2,8,0,0,1,2,4,6,3,1,2,1,17,0,0,8,0,1,14.0000,0.2379,0.3471,0.4029,0.7500,8.1667,6.8333,1.3333,5.1667,0.0000,0.0000,0.1667,0.3333,1.5000,0.5000,0.5000,0.3529,5.3333,103.8889,0.0000,1.4815,0.5508,1.3226,0.2595
93,2024,203,4,1,196,53,231,63,40,41,8,27,28,21,55,59,946,0,6,6,3,3,1,25,11,1,1,0,4,0,0,0,0,6,6,3,1,1,0,15,0,1,6,0,1,12.3962,0.2041,0.3174,0.3214,0.6388,6.7925,6.9623,0.6792,4.5849,0.0000,0.0000,0.1667,0.5000,1.3333,1.0000,0.0000,0.4000,3.5660,118.2500,0.0000,1.2642,0.4825,1.5185,0.2368
94,2024,203,4,1,191,55,224,60,31,64,8,27,10,10,47,49,866,0,6,6,5,1,4,18,4,1,0,2,7,0,0,0,3,5,6,4,2,4,0,21,0,2,1,1,4,10.3091,0.1623,0.2825,0.3141,0.5966,5.0727,10.4727,1.1455,4.4182,0.0000,0.0000,0.3333,0.8333,1.3333,1.0000,0.0000,0.2857,1.6364,86.6000,0.0000,1.0545,0.4896,2.3704,0.2000
95,2024,203,4,1,193,51,225,77,45,46,21,28,20,20,52,52,845,2,6,6,2,4,0,26,12,2,2,1,6,0,0,0,1,0,5,3,2,1,1,9,1,1,3,2,2,12.7161,0.2332,0.3274,0.3990,0.7263,7.8387,8.0129,1.0452,4.8774,0.1667,0.0000,0.3333,0.3333,3.5000,0.0000,1.0000,0.5556,3.4839,120.7143,0.0000,1.4129,0.5000,1.6429,0.2727
96,2024,203,4,1,198,52,226,77,48,46,8,25,28,26,53,51,880,0,6,6,2,4,2,32,8,1,1,3,5,0,0,1,2,1,6,5,2,2,0,19,0,1,2,0,3,12.8077,0.2424,0.3289,0.3889,0.7178,8.3077,7.9615,0.8654,4.3269,0.0000,0.0000,0.3333,0.3333,1.3333,1.0000,0.0000,0.3158,4.5000,97.7778,0.0000,1.4038,0.5096,1.8400,0.2905
97,2024,203,4,1,199,53,221,70,50,46,25,16,14,14,58,50,804,0,6,6,4,2,1,37,9,2,3,1,3,0,0,1,3,1,6,3,3,1,0,13,0,1,2,2,3,11.3774,0.2513,0.3059,0.3518,0.6577,8.4906,7.8113,0.5094,2.7170,0.0000,0.0000,0.5000,0.6667,4.1667,1.0000,0.0000,0.4615,2.3774,114.8571,0.0000,1.2453,0.5370,2.8750,0.3072
98,2024,203,4,1,212,54,235,89,56,43,14,20,19,17,57,57,858,0,6,6,2,4,1,37,12,2,1,0,7,0,0,1,2,0,6,3,3,2,1,12,0,0,1,1,1,12.6667,0.2642,0.3262,0.4198,0.7460,9.3333,7.1667,1.1667,3.3333,0.0000,0.0000,0.5000,0.3333,2.3333,0.5000,0.5000,0.5000,2.8333,85.8000,0.0000,1.4074,0.5000,2.1500,0.3006
99,2024,203,4,1,221,54,248,103,63,46,12,23,31,31,56,55,916,0,6,6,4,2,3,38,17,0,0,1,7,0,0,0,4,4,6,4,1,4,1,19,0,0,4,0,4,15.0000,0.2851,0.3629,0.4661,0.8290,10.5000,7.6667,1.1667,3.8333,0.0000,0.0000,0.1667,0.6667,2.0000,0.7500,0.2500,0.3158,5.1667,91.6000,0.0000,1.5926,0.5045,2.0000,0.3333
100,2024,203,4,1,205,52,225,98,56,37,14,17,30,27,53,57,747,0,6,6,3,3,1,32,15,0,1,0,9,1,0,0,1,2,6,5,2,2,1,15,0,1,5,2,0,12.9808,0.2732,0.3333,0.4780,0.8114,9.6923,6.4038,1.5577,2.9423,0.0000,0.0000,0.3333,0.5000,2.3333,0.5000,0.5000,0.4000,4.6731,74.7000,0.0000,1.4038,0.4818,2.1765,0.2938
101,2024,203,4,1,74,18,83,53,21,16,1,6,16,15,16,20,318,0,2,2,0,2,0,8,3,0,1,1,9,0,0,0,2,2,2,2,0,0,0,8,0,0,1,0,0,14.5000,0.2838,0.3494,0.7162,1.0656,10.5000,8.0000,4.5000,3.0000,0.0000,0.0000,0.0000,0.0000,0.5000,0.0000,0.0000,0.2500,7.5000,63.6000,0.0000,1.5000,0.4444,2.6667,0.2400
102,2024,203,4,1,203,54,230,73,55,43,20,20,21,16,56,50,875,0,6,6,5,1,3,43,9,1,3,0,3,0,0,0,4,3,6,11,3,3,0,16,0,0,2,2,6,13.0000,0.2709,0.3406,0.3596,0.7002,9.1667,7.1667,0.5000,3.3333,0.0000,0.0000,0.5000,0.8333,3.3333,1.0000,0.0000,0.3750,2.6667,109.3750,0.0000,1.3889,0.5283,2.1500,0.3250
103,2024,203,4,1,191,52,213,74,41,51,8,17,16,16,54,47,816,0,6,6,2,4,1,24,9,0,2,0,8,0,0,1,0,3,6,4,3,1,0,15,0,0,7,0,0,10.5577,0.2147,0.2864,0.3874,0.6738,7.0962,8.8269,1.3846,2.9423,0.0000,0.0000,0.5000,0.3333,1.3333,1.0000,0.0000,0.4000,2.7692,102.0000,0.0000,1.1154,0.5347,3.0000,0.2463
104,2024,203,4,1,201,53,239,73,44,49,23,34,25,24,52,55,912,1,6,6,3,3,1,27,11,0,1,0,6,0,0,3,4,3,6,3,2,1,0,16,0,1,5,0,0,13.6687,0.2189,0.3389,0.3632,0.7021,7.4250,8.2687,1.0125,5.7375,0.0000,0.0000,0.3333,0.5000,3.8333,1.0000,0.0000,0.3750,4.0500,82.9091,0.0000,1.4625,0.4860,1.4412,0.2585
105,2024,203,4,1,214,54,231,93,54,54,21,11,19,19,51,55,877,0,6,6,4,2,2,32,13,1,1,1,8,0,0,0,0,4,6,1,3,3,1,11,0,0,3,1,1,11.5000,0.2523,0.3000,0.4346,0.7346,9.0000,9.0000,1.3333,1.8333,0.0000,0.0000,0.5000,0.6667,3.5000,0.6667,0.3333,0.5455,3.1667,125.2857,0.0000,1.2037,0.4811,4.9091,0.3007
106,2024,203,4,1,198,52,219,75,47,32,13,16,29,29,70,50,803,0,6,6,3,3,1,34,5,1,0,1,7,0,0,0,1,4,5,5,2,4,3,10,1,0,3,0,0,11.5962,0.2374,0.3073,0.3788,0.6861,8.1346,5.5385,1.2115,2.7692,0.1667,0.0000,0.3333,0.5000,2.1667,0.2500,0.7500,0.5000,5.0192,100.3750,0.0000,1.2115,0.5833,2.0000,0.2516
107,2024,203,4,1,207,52,238,101,58,47,10,25,29,28,57,48,868,2,6,6,3,3,0,37,10,3,1,0,11,0,0,0,3,2,6,4,1,1,1,14,0,0,3,2,4,14.5253,0.2802,0.3617,0.4879,0.8496,9.9114,8.0316,1.8797,4.2722,0.0000,0.0000,0.1667,0.5000,1.6667,0.0000,1.0000,0.4286,4.7848,124.0000,0.0000,1.5759,0.5429,1.8800,0.3133
108,2024,203,4,1,196,54,225,63,40,43,14,25,18,17,66,47,823,0,6,6,5,1,3,27,8,2,1,0,5,0,0,0,2,1,6,6,3,3,0,15,0,1,3,1,3,11.0000,0.2041,0.2960,0.3214,0.6174,6.6667,7.1667,0.8333,4.1667,0.0000,0.0000,0.5000,0.8333,2.3333,1.0000,0.0000,0.4000,2.8333,91.4444,0.0000,1.2037,0.5841,1.7200,0.2349
109,2024,203,4,1,213,53,261,99,65,37,21,39,46,43,60,56,1001,1,6,6,1,5,0,41,18,4,2,2,4,2,0,2,5,3,6,6,0,2,2,26,0,0,1,1,7,18.0562,0.3052,0.4163,0.4648,0.8811,10.9688,6.2437,0.6750,6.5812,0.0000,0.0000,0.0000,0.1667,3.5000,0.0000,1.0000,0.2308,7.2562,83.4167,0.0000,1.9500,0.5172,0.9487,0.3506
110,2024,203,4,1,216,54,239,107,60,39,13,16,26,25,52,63,883,0,6,6,2,4,2,35,14,0,2,0,11,0,0,0,3,5,6,4,3,3,1,19,0,0,2,2,2,13.5000,0.2778,0.3389,0.4954,0.8343,10.0000,6.5000,1.8333,2.6667,0.0000,0.0000,0.5000,0.3333,2.1667,0.6667,0.3333,0.3158,4.1667,110.3750,0.0000,1.4074,0.4522,2.4375,0.2917
111,2024,203,4,1,70,18,79,25,18,13,1,7,7,7,17,23,312,0,2,2,0,2,0,13,4,0,1,0,1,0,0,0,0,1,2,0,0,0,0,6,0,0,4,2,0,13.0000,0.2571,0.3291,0.3571,0.6863,9.0000,6.5000,0.5000,3.5000,0.0000,0.0000,0.0000,0.0000,0.5000,0.0000,0.0000,0.3333,3.5000,62.4000,0.0000,1.3889,0.4250,1.8571,0.2982
112,2024,203,4,1,217,56,263,89,58,48,12,35,39,39,57,56,965,2,6,6,3,3,1,41,10,1,1,0,7,0,0,0,3,9,6,8,1,2,1,26,0,0,6,2,2,16.2000,0.2673,0.3893,0.4101,0.7995,9.2118,7.6235,1.1118,5.5588,0.0000,0.0000,0.1667,0.5000,2.0000,0.5000,0.5000,0.2308,6.1941,80.4167,0.0000,1.6412,0.5044,1.3714,0.3129
113,2024,203,4,1,209,53,232,100,58,44,23,19,24,23,54,54,832,0,6,6,5,1,3,36,11,0,3,2,9,0,0,1,0,1,6,6,3,3,0,14,0,0,1,0,2,13.2453,0.2775,0.3362,0.4785,0.8147,9.8491,7.4717,1.5283,3.2264,0.0000,0.0000,0.5000,0.8333,3.8333,1.0000,0.0000,0.4286,3.9057,92.4444,0.0000,1.4528,0.5000,2.3158,0.3082
114,2024,203,4,1,231,57,257,89,64,59,11,20,18,15,56,51,965,0,6,6,4,2,2,47,13,1,1,0,4,0,0,1,2,4,6,3,1,5,3,20,0,1,6,1,2,13.8947,0.2771,0.3438,0.3853,0.7290,10.1053,9.3158,0.6316,3.1579,0.0000,0.0000,0.1667,0.6667,1.8333,0.4000,0.6000,0.3000,2.3684,107.2222,0.0000,1.4737,0.5234,2.9500,0.3550
115,2024,203,4,1,217,57,235,93,53,48,7,16,24,23,67,49,867,2,6,6,2,4,1,35,7,1,0,0,11,0,0,4,0,1,6,8,4,2,1,16,0,1,4,1,3,10.9249,0.2442,0.2991,0.4286,0.7277,8.2717,7.4913,1.7168,2.4971,0.0000,0.0000,0.6667,0.3333,1.1667,0.5000,0.5000,0.3750,3.5896,78.8182,0.0000,1.1965,0.5776,3.0000,0.2658
116,2024,203,4,1,190,51,214,74,41,49,16,19,19,18,57,45,848,2,6,6,3,3,0,23,9,1,1,3,6,0,0,1,0,3,6,4,3,2,2,13,0,1,3,1,2,10.9742,0.2158,0.2958,0.3895,0.6852,7.1419,8.5355,1.0452,3.3097,0.0000,0.0000,0.5000,0.5000,2.6667,0.0000,1.0000,0.4615,3.1355,106.0000,0.0000,1.1613,0.5588,2.5789,0.2574
117,2024,203,4,1,222,54,249,99,64,41,28,20,36,33,58,61,923,0,6,6,4,2,2,46,9,3,2,1,8,1,0,0,2,2,6,1,3,2,0,16,0,0,4,1,2,14.3333,0.2883,0.3496,0.4459,0.7955,10.6667,6.8333,1.3333,3.3333,0.0000,0.0000,0.5000,0.6667,4.6667,1.0000,0.0000,0.3750,5.5000,92.3000,0.0000,1.5556,0.4874,2.0500,0.3200
118,2024,203,4,1,216,54,247,86,58,48,17,25,27,25,49,62,897,0,6,6,4,2,1,39,14,0,2,1,4,0,0,0,1,4,6,1,3,1,0,13,0,0,5,2,2,14.5000,0.2685,0.3522,0.3981,0.7504,9.6667,8.0000,0.6667,4.1667,0.0000,0.0000,0.5000,0.6667,2.8333,1.0000,0.0000,0.4615,4.1667,128.1429,0.0000,1.5370,0.4414,1.9200,0.3253
119,2024,203,4,1,197,52,216,87,50,52,17,16,20,20,48,49,825,0,6,6,2,4,1,29,13,1,1,0,8,1,0,0,0,1,6,4,2,1,0,13,0,0,2,2,1,11.5962,0.2538,0.3116,0.4416,0.7533,8.6538,9.0000,1.3846,2.7692,0.0000,0.0000,0.3333,0.3333,2.8333,1.0000,0.0000,0.4615,3.4615,103.1250,0.0000,1.2692,0.4948,3.2500,0.3043
120,2024,203,4,1,146,40,162,56,35,28,7,11,14,14,52,36,577,0,4,4,1,3,1,24,6,3,2,0,5,0,0,0,4,0,4,4,3,3,2,10,0,0,1,0,0,10.3500,0.2397,0.2893,0.3836,0.6729,7.8750,6.3000,1.1250,2.4750,0.0000,0.0000,0.7500,0.2500,1.7500,0.3333,0.6667,0.4000,3.1500,72.1250,0.0000,1.1500,0.5909,2.5455,0.2609
121,0,0,0,0,0,0,0,0,0,0,0,0,0,0,0,0,0,0,0,0,0,0,0,0,0,0,0,0,0,0,0,0,0,0,0,0,0,0,0,0,0,0,0,0,0,0.0000,0.0000,0.0000,0.0000,0.0000,0.0000,0.0000,0.0000,0.0000,0.0000,0.0000,0.0000,0.0000,0.0000,0.0000,0.0000,0.0000,0.0000,0.0000,0.0000,0.0000,0.0000,0.0000,0.0000
122,0,0,0,0,0,0,0,0,0,0,0,0,0,0,0,0,0,0,0,0,0,0,0,0,0,0,0,0,0,0,0,0,0,0,0,0,0,0,0,0,0,0,0,0,0,0.0000,0.0000,0.0000,0.0000,0.0000,0.0000,0.0000,0.0000,0.0000,0.0000,0.0000,0.0000,0.0000,0.0000,0.0000,0.0000,0.0000,0.0000,0.0000,0.0000,0.0000,0.0000,0.0000,0.0000
123,0,0,0,0,0,0,0,0,0,0,0,0,0,0,0,0,0,0,0,0,0,0,0,0,0,0,0,0,0,0,0,0,0,0,0,0,0,0,0,0,0,0,0,0,0,0.0000,0.0000,0.0000,0.0000,0.0000,0.0000,0.0000,0.0000,0.0000,0.0000,0.0000,0.0000,0.0000,0.0000,0.0000,0.0000,0.0000,0.0000,0.0000,0.0000,0.0000,0.0000,0.0000,0.0000
124,0,0,0,0,0,0,0,0,0,0,0,0,0,0,0,0,0,0,0,0,0,0,0,0,0,0,0,0,0,0,0,0,0,0,0,0,0,0,0,0,0,0,0,0,0,0.0000,0.0000,0.0000,0.0000,0.0000,0.0000,0.0000,0.0000,0.0000,0.0000,0.0000,0.0000,0.0000,0.0000,0.0000,0.0000,0.0000,0.0000,0.0000,0.0000,0.0000,0.0000,0.0000,0.0000
125,0,0,0,0,0,0,0,0,0,0,0,0,0,0,0,0,0,0,0,0,0,0,0,0,0,0,0,0,0,0,0,0,0,0,0,0,0,0,0,0,0,0,0,0,0,0.0000,0.0000,0.0000,0.0000,0.0000,0.0000,0.0000,0.0000,0.0000,0.0000,0.0000,0.0000,0.0000,0.0000,0.0000,0.0000,0.0000,0.0000,0.0000,0.0000,0.0000,0.0000,0.0000,0.0000
126,0,0,0,0,0,0,0,0,0,0,0,0,0,0,0,0,0,0,0,0,0,0,0,0,0,0,0,0,0,0,0,0,0,0,0,0,0,0,0,0,0,0,0,0,0,0.0000,0.0000,0.0000,0.0000,0.0000,0.0000,0.0000,0.0000,0.0000,0.0000,0.0000,0.0000,0.0000,0.0000,0.0000,0.0000,0.0000,0.0000,0.0000,0.0000,0.0000,0.0000,0.0000,0.0000
127,0,0,0,0,0,0,0,0,0,0,0,0,0,0,0,0,0,0,0,0,0,0,0,0,0,0,0,0,0,0,0,0,0,0,0,0,0,0,0,0,0,0,0,0,0,0.0000,0.0000,0.0000,0.0000,0.0000,0.0000,0.0000,0.0000,0.0000,0.0000,0.0000,0.0000,0.0000,0.0000,0.0000,0.0000,0.0000,0.0000,0.0000,0.0000,0.0000,0.0000,0.0000,0.0000
128,0,0,0,0,0,0,0,0,0,0,0,0,0,0,0,0,0,0,0,0,0,0,0,0,0,0,0,0,0,0,0,0,0,0,0,0,0,0,0,0,0,0,0,0,0,0.0000,0.0000,0.0000,0.0000,0.0000,0.0000,0.0000,0.0000,0.0000,0.0000,0.0000,0.0000,0.0000,0.0000,0.0000,0.0000,0.0000,0.0000,0.0000,0.0000,0.0000,0.0000,0.0000,0.0000
129,0,0,0,0,0,0,0,0,0,0,0,0,0,0,0,0,0,0,0,0,0,0,0,0,0,0,0,0,0,0,0,0,0,0,0,0,0,0,0,0,0,0,0,0,0,0.0000,0.0000,0.0000,0.0000,0.0000,0.0000,0.0000,0.0000,0.0000,0.0000,0.0000,0.0000,0.0000,0.0000,0.0000,0.0000,0.0000,0.0000,0.0000,0.0000,0.0000,0.0000,0.0000,0.0000
130,0,0,0,0,0,0,0,0,0,0,0,0,0,0,0,0,0,0,0,0,0,0,0,0,0,0,0,0,0,0,0,0,0,0,0,0,0,0,0,0,0,0,0,0,0,0.0000,0.0000,0.0000,0.0000,0.0000,0.0000,0.0000,0.0000,0.0000,0.0000,0.0000,0.0000,0.0000,0.0000,0.0000,0.0000,0.0000,0.0000,0.0000,0.0000,0.0000,0.0000,0.0000,0.0000
131,0,0,0,0,0,0,0,0,0,0,0,0,0,0,0,0,0,0,0,0,0,0,0,0,0,0,0,0,0,0,0,0,0,0,0,0,0,0,0,0,0,0,0,0,0,0.0000,0.0000,0.0000,0.0000,0.0000,0.0000,0.0000,0.0000,0.0000,0.0000,0.0000,0.0000,0.0000,0.0000,0.0000,0.0000,0.0000,0.0000,0.0000,0.0000,0.0000,0.0000,0.0000,0.0000
132,0,0,0,0,0,0,0,0,0,0,0,0,0,0,0,0,0,0,0,0,0,0,0,0,0,0,0,0,0,0,0,0,0,0,0,0,0,0,0,0,0,0,0,0,0,0.0000,0.0000,0.0000,0.0000,0.0000,0.0000,0.0000,0.0000,0.0000,0.0000,0.0000,0.0000,0.0000,0.0000,0.0000,0.0000,0.0000,0.0000,0.0000,0.0000,0.0000,0.0000,0.0000,0.0000
133,0,0,0,0,0,0,0,0,0,0,0,0,0,0,0,0,0,0,0,0,0,0,0,0,0,0,0,0,0,0,0,0,0,0,0,0,0,0,0,0,0,0,0,0,0,0.0000,0.0000,0.0000,0.0000,0.0000,0.0000,0.0000,0.0000,0.0000,0.0000,0.0000,0.0000,0.0000,0.0000,0.0000,0.0000,0.0000,0.0000,0.0000,0.0000,0.0000,0.0000,0.0000,0.0000
134,0,0,0,0,0,0,0,0,0,0,0,0,0,0,0,0,0,0,0,0,0,0,0,0,0,0,0,0,0,0,0,0,0,0,0,0,0,0,0,0,0,0,0,0,0,0.0000,0.0000,0.0000,0.0000,0.0000,0.0000,0.0000,0.0000,0.0000,0.0000,0.0000,0.0000,0.0000,0.0000,0.0000,0.0000,0.0000,0.0000,0.0000,0.0000,0.0000,0.0000,0.0000,0.0000
135,0,0,0,0,0,0,0,0,0,0,0,0,0,0,0,0,0,0,0,0,0,0,0,0,0,0,0,0,0,0,0,0,0,0,0,0,0,0,0,0,0,0,0,0,0,0.0000,0.0000,0.0000,0.0000,0.0000,0.0000,0.0000,0.0000,0.0000,0.0000,0.0000,0.0000,0.0000,0.0000,0.0000,0.0000,0.0000,0.0000,0.0000,0.0000,0.0000,0.0000,0.0000,0.0000
136,0,0,0,0,0,0,0,0,0,0,0,0,0,0,0,0,0,0,0,0,0,0,0,0,0,0,0,0,0,0,0,0,0,0,0,0,0,0,0,0,0,0,0,0,0,0.0000,0.0000,0.0000,0.0000,0.0000,0.0000,0.0000,0.0000,0.0000,0.0000,0.0000,0.0000,0.0000,0.0000,0.0000,0.0000,0.0000,0.0000,0.0000,0.0000,0.0000,0.0000,0.0000,0.0000
137,0,0,0,0,0,0,0,0,0,0,0,0,0,0,0,0,0,0,0,0,0,0,0,0,0,0,0,0,0,0,0,0,0,0,0,0,0,0,0,0,0,0,0,0,0,0.0000,0.0000,0.0000,0.0000,0.0000,0.0000,0.0000,0.0000,0.0000,0.0000,0.0000,0.0000,0.0000,0.0000,0.0000,0.0000,0.0000,0.0000,0.0000,0.0000,0.0000,0.0000,0.0000,0.0000
138,0,0,0,0,0,0,0,0,0,0,0,0,0,0,0,0,0,0,0,0,0,0,0,0,0,0,0,0,0,0,0,0,0,0,0,0,0,0,0,0,0,0,0,0,0,0.0000,0.0000,0.0000,0.0000,0.0000,0.0000,0.0000,0.0000,0.0000,0.0000,0.0000,0.0000,0.0000,0.0000,0.0000,0.0000,0.0000,0.0000,0.0000,0.0000,0.0000,0.0000,0.0000,0.0000
139,0,0,0,0,0,0,0,0,0,0,0,0,0,0,0,0,0,0,0,0,0,0,0,0,0,0,0,0,0,0,0,0,0,0,0,0,0,0,0,0,0,0,0,0,0,0.0000,0.0000,0.0000,0.0000,0.0000,0.0000,0.0000,0.0000,0.0000,0.0000,0.0000,0.0000,0.0000,0.0000,0.0000,0.0000,0.0000,0.0000,0.0000,0.0000,0.0000,0.0000,0.0000,0.0000
140,0,0,0,0,0,0,0,0,0,0,0,0,0,0,0,0,0,0,0,0,0,0,0,0,0,0,0,0,0,0,0,0,0,0,0,0,0,0,0,0,0,0,0,0,0,0.0000,0.0000,0.0000,0.0000,0.0000,0.0000,0.0000,0.0000,0.0000,0.0000,0.0000,0.0000,0.0000,0.0000,0.0000,0.0000,0.0000,0.0000,0.0000,0.0000,0.0000,0.0000,0.0000,0.0000
141,0,0,0,0,0,0,0,0,0,0,0,0,0,0,0,0,0,0,0,0,0,0,0,0,0,0,0,0,0,0,0,0,0,0,0,0,0,0,0,0,0,0,0,0,0,0.0000,0.0000,0.0000,0.0000,0.0000,0.0000,0.0000,0.0000,0.0000,0.0000,0.0000,0.0000,0.0000,0.0000,0.0000,0.0000,0.0000,0.0000,0.0000,0.0000,0.0000,0.0000,0.0000,0.0000
142,0,0,0,0,0,0,0,0,0,0,0,0,0,0,0,0,0,0,0,0,0,0,0,0,0,0,0,0,0,0,0,0,0,0,0,0,0,0,0,0,0,0,0,0,0,0.0000,0.0000,0.0000,0.0000,0.0000,0.0000,0.0000,0.0000,0.0000,0.0000,0.0000,0.0000,0.0000,0.0000,0.0000,0.0000,0.0000,0.0000,0.0000,0.0000,0.0000,0.0000,0.0000,0.0000
143,0,0,0,0,0,0,0,0,0,0,0,0,0,0,0,0,0,0,0,0,0,0,0,0,0,0,0,0,0,0,0,0,0,0,0,0,0,0,0,0,0,0,0,0,0,0.0000,0.0000,0.0000,0.0000,0.0000,0.0000,0.0000,0.0000,0.0000,0.0000,0.0000,0.0000,0.0000,0.0000,0.0000,0.0000,0.0000,0.0000,0.0000,0.0000,0.0000,0.0000,0.0000,0.0000
144,0,0,0,0,0,0,0,0,0,0,0,0,0,0,0,0,0,0,0,0,0,0,0,0,0,0,0,0,0,0,0,0,0,0,0,0,0,0,0,0,0,0,0,0,0,0.0000,0.0000,0.0000,0.0000,0.0000,0.0000,0.0000,0.0000,0.0000,0.0000,0.0000,0.0000,0.0000,0.0000,0.0000,0.0000,0.0000,0.0000,0.0000,0.0000,0.0000,0.0000,0.0000,0.0000
145,0,0,0,0,0,0,0,0,0,0,0,0,0,0,0,0,0,0,0,0,0,0,0,0,0,0,0,0,0,0,0,0,0,0,0,0,0,0,0,0,0,0,0,0,0,0.0000,0.0000,0.0000,0.0000,0.0000,0.0000,0.0000,0.0000,0.0000,0.0000,0.0000,0.0000,0.0000,0.0000,0.0000,0.0000,0.0000,0.0000,0.0000,0.0000,0.0000,0.0000,0.0000,0.0000
146,0,0,0,0,0,0,0,0,0,0,0,0,0,0,0,0,0,0,0,0,0,0,0,0,0,0,0,0,0,0,0,0,0,0,0,0,0,0,0,0,0,0,0,0,0,0.0000,0.0000,0.0000,0.0000,0.0000,0.0000,0.0000,0.0000,0.0000,0.0000,0.0000,0.0000,0.0000,0.0000,0.0000,0.0000,0.0000,0.0000,0.0000,0.0000,0.0000,0.0000,0.0000,0.0000
147,0,0,0,0,0,0,0,0,0,0,0,0,0,0,0,0,0,0,0,0,0,0,0,0,0,0,0,0,0,0,0,0,0,0,0,0,0,0,0,0,0,0,0,0,0,0.0000,0.0000,0.0000,0.0000,0.0000,0.0000,0.0000,0.0000,0.0000,0.0000,0.0000,0.0000,0.0000,0.0000,0.0000,0.0000,0.0000,0.0000,0.0000,0.0000,0.0000,0.0000,0.0000,0.0000
148,0,0,0,0,0,0,0,0,0,0,0,0,0,0,0,0,0,0,0,0,0,0,0,0,0,0,0,0,0,0,0,0,0,0,0,0,0,0,0,0,0,0,0,0,0,0.0000,0.0000,0.0000,0.0000,0.0000,0.0000,0.0000,0.0000,0.0000,0.0000,0.0000,0.0000,0.0000,0.0000,0.0000,0.0000,0.0000,0.0000,0.0000,0.0000,0.0000,0.0000,0.0000,0.0000
149,0,0,0,0,0,0,0,0,0,0,0,0,0,0,0,0,0,0,0,0,0,0,0,0,0,0,0,0,0,0,0,0,0,0,0,0,0,0,0,0,0,0,0,0,0,0.0000,0.0000,0.0000,0.0000,0.0000,0.0000,0.0000,0.0000,0.0000,0.0000,0.0000,0.0000,0.0000,0.0000,0.0000,0.0000,0.0000,0.0000,0.0000,0.0000,0.0000,0.0000,0.0000,0.0000
150,0,0,0,0,0,0,0,0,0,0,0,0,0,0,0,0,0,0,0,0,0,0,0,0,0,0,0,0,0,0,0,0,0,0,0,0,0,0,0,0,0,0,0,0,0,0.0000,0.0000,0.0000,0.0000,0.0000,0.0000,0.0000,0.0000,0.0000,0.0000,0.0000,0.0000,0.0000,0.0000,0.0000,0.0000,0.0000,0.0000,0.0000,0.0000,0.0000,0.0000,0.0000,0.0000
151,0,0,0,0,0,0,0,0,0,0,0,0,0,0,0,0,0,0,0,0,0,0,0,0,0,0,0,0,0,0,0,0,0,0,0,0,0,0,0,0,0,0,0,0,0,0.0000,0.0000,0.0000,0.0000,0.0000,0.0000,0.0000,0.0000,0.0000,0.0000,0.0000,0.0000,0.0000,0.0000,0.0000,0.0000,0.0000,0.0000,0.0000,0.0000,0.0000,0.0000,0.0000,0.0000
152,0,0,0,0,0,0,0,0,0,0,0,0,0,0,0,0,0,0,0,0,0,0,0,0,0,0,0,0,0,0,0,0,0,0,0,0,0,0,0,0,0,0,0,0,0,0.0000,0.0000,0.0000,0.0000,0.0000,0.0000,0.0000,0.0000,0.0000,0.0000,0.0000,0.0000,0.0000,0.0000,0.0000,0.0000,0.0000,0.0000,0.0000,0.0000,0.0000,0.0000,0.0000,0.0000
153,0,0,0,0,0,0,0,0,0,0,0,0,0,0,0,0,0,0,0,0,0,0,0,0,0,0,0,0,0,0,0,0,0,0,0,0,0,0,0,0,0,0,0,0,0,0.0000,0.0000,0.0000,0.0000,0.0000,0.0000,0.0000,0.0000,0.0000,0.0000,0.0000,0.0000,0.0000,0.0000,0.0000,0.0000,0.0000,0.0000,0.0000,0.0000,0.0000,0.0000,0.0000,0.0000
154,0,0,0,0,0,0,0,0,0,0,0,0,0,0,0,0,0,0,0,0,0,0,0,0,0,0,0,0,0,0,0,0,0,0,0,0,0,0,0,0,0,0,0,0,0,0.0000,0.0000,0.0000,0.0000,0.0000,0.0000,0.0000,0.0000,0.0000,0.0000,0.0000,0.0000,0.0000,0.0000,0.0000,0.0000,0.0000,0.0000,0.0000,0.0000,0.0000,0.0000,0.0000,0.0000
155,0,0,0,0,0,0,0,0,0,0,0,0,0,0,0,0,0,0,0,0,0,0,0,0,0,0,0,0,0,0,0,0,0,0,0,0,0,0,0,0,0,0,0,0,0,0.0000,0.0000,0.0000,0.0000,0.0000,0.0000,0.0000,0.0000,0.0000,0.0000,0.0000,0.0000,0.0000,0.0000,0.0000,0.0000,0.0000,0.0000,0.0000,0.0000,0.0000,0.0000,0.0000,0.0000
156,0,0,0,0,0,0,0,0,0,0,0,0,0,0,0,0,0,0,0,0,0,0,0,0,0,0,0,0,0,0,0,0,0,0,0,0,0,0,0,0,0,0,0,0,0,0.0000,0.0000,0.0000,0.0000,0.0000,0.0000,0.0000,0.0000,0.0000,0.0000,0.0000,0.0000,0.0000,0.0000,0.0000,0.0000,0.0000,0.0000,0.0000,0.0000,0.0000,0.0000,0.0000,0.0000
157,0,0,0,0,0,0,0,0,0,0,0,0,0,0,0,0,0,0,0,0,0,0,0,0,0,0,0,0,0,0,0,0,0,0,0,0,0,0,0,0,0,0,0,0,0,0.0000,0.0000,0.0000,0.0000,0.0000,0.0000,0.0000,0.0000,0.0000,0.0000,0.0000,0.0000,0.0000,0.0000,0.0000,0.0000,0.0000,0.0000,0.0000,0.0000,0.0000,0.0000,0.0000,0.0000
158,0,0,0,0,0,0,0,0,0,0,0,0,0,0,0,0,0,0,0,0,0,0,0,0,0,0,0,0,0,0,0,0,0,0,0,0,0,0,0,0,0,0,0,0,0,0.0000,0.0000,0.0000,0.0000,0.0000,0.0000,0.0000,0.0000,0.0000,0.0000,0.0000,0.0000,0.0000,0.0000,0.0000,0.0000,0.0000,0.0000,0.0000,0.0000,0.0000,0.0000,0.0000,0.0000
159,0,0,0,0,0,0,0,0,0,0,0,0,0,0,0,0,0,0,0,0,0,0,0,0,0,0,0,0,0,0,0,0,0,0,0,0,0,0,0,0,0,0,0,0,0,0.0000,0.0000,0.0000,0.0000,0.0000,0.0000,0.0000,0.0000,0.0000,0.0000,0.0000,0.0000,0.0000,0.0000,0.0000,0.0000,0.0000,0.0000,0.0000,0.0000,0.0000,0.0000,0.0000,0.0000
160,0,0,0,0,0,0,0,0,0,0,0,0,0,0,0,0,0,0,0,0,0,0,0,0,0,0,0,0,0,0,0,0,0,0,0,0,0,0,0,0,0,0,0,0,0,0.0000,0.0000,0.0000,0.0000,0.0000,0.0000,0.0000,0.0000,0.0000,0.0000,0.0000,0.0000,0.0000,0.0000,0.0000,0.0000,0.0000,0.0000,0.0000,0.0000,0.0000,0.0000,0.0000,0.0000
161,0,0,0,0,0,0,0,0,0,0,0,0,0,0,0,0,0,0,0,0,0,0,0,0,0,0,0,0,0,0,0,0,0,0,0,0,0,0,0,0,0,0,0,0,0,0.0000,0.0000,0.0000,0.0000,0.0000,0.0000,0.0000,0.0000,0.0000,0.0000,0.0000,0.0000,0.0000,0.0000,0.0000,0.0000,0.0000,0.0000,0.0000,0.0000,0.0000,0.0000,0.0000,0.0000
162,0,0,0,0,0,0,0,0,0,0,0,0,0,0,0,0,0,0,0,0,0,0,0,0,0,0,0,0,0,0,0,0,0,0,0,0,0,0,0,0,0,0,0,0,0,0.0000,0.0000,0.0000,0.0000,0.0000,0.0000,0.0000,0.0000,0.0000,0.0000,0.0000,0.0000,0.0000,0.0000,0.0000,0.0000,0.0000,0.0000,0.0000,0.0000,0.0000,0.0000,0.0000,0.0000
163,0,0,0,0,0,0,0,0,0,0,0,0,0,0,0,0,0,0,0,0,0,0,0,0,0,0,0,0,0,0,0,0,0,0,0,0,0,0,0,0,0,0,0,0,0,0.0000,0.0000,0.0000,0.0000,0.0000,0.0000,0.0000,0.0000,0.0000,0.0000,0.0000,0.0000,0.0000,0.0000,0.0000,0.0000,0.0000,0.0000,0.0000,0.0000,0.0000,0.0000,0.0000,0.0000
164,0,0,0,0,0,0,0,0,0,0,0,0,0,0,0,0,0,0,0,0,0,0,0,0,0,0,0,0,0,0,0,0,0,0,0,0,0,0,0,0,0,0,0,0,0,0.0000,0.0000,0.0000,0.0000,0.0000,0.0000,0.0000,0.0000,0.0000,0.0000,0.0000,0.0000,0.0000,0.0000,0.0000,0.0000,0.0000,0.0000,0.0000,0.0000,0.0000,0.0000,0.0000,0.0000
165,0,0,0,0,0,0,0,0,0,0,0,0,0,0,0,0,0,0,0,0,0,0,0,0,0,0,0,0,0,0,0,0,0,0,0,0,0,0,0,0,0,0,0,0,0,0.0000,0.0000,0.0000,0.0000,0.0000,0.0000,0.0000,0.0000,0.0000,0.0000,0.0000,0.0000,0.0000,0.0000,0.0000,0.0000,0.0000,0.0000,0.0000,0.0000,0.0000,0.0000,0.0000,0.0000
166,0,0,0,0,0,0,0,0,0,0,0,0,0,0,0,0,0,0,0,0,0,0,0,0,0,0,0,0,0,0,0,0,0,0,0,0,0,0,0,0,0,0,0,0,0,0.0000,0.0000,0.0000,0.0000,0.0000,0.0000,0.0000,0.0000,0.0000,0.0000,0.0000,0.0000,0.0000,0.0000,0.0000,0.0000,0.0000,0.0000,0.0000,0.0000,0.0000,0.0000,0.0000,0.0000
167,0,0,0,0,0,0,0,0,0,0,0,0,0,0,0,0,0,0,0,0,0,0,0,0,0,0,0,0,0,0,0,0,0,0,0,0,0,0,0,0,0,0,0,0,0,0.0000,0.0000,0.0000,0.0000,0.0000,0.0000,0.0000,0.0000,0.0000,0.0000,0.0000,0.0000,0.0000,0.0000,0.0000,0.0000,0.0000,0.0000,0.0000,0.0000,0.0000,0.0000,0.0000,0.0000
168,0,0,0,0,0,0,0,0,0,0,0,0,0,0,0,0,0,0,0,0,0,0,0,0,0,0,0,0,0,0,0,0,0,0,0,0,0,0,0,0,0,0,0,0,0,0.0000,0.0000,0.0000,0.0000,0.0000,0.0000,0.0000,0.0000,0.0000,0.0000,0.0000,0.0000,0.0000,0.0000,0.0000,0.0000,0.0000,0.0000,0.0000,0.0000,0.0000,0.0000,0.0000,0.0000
169,0,0,0,0,0,0,0,0,0,0,0,0,0,0,0,0,0,0,0,0,0,0,0,0,0,0,0,0,0,0,0,0,0,0,0,0,0,0,0,0,0,0,0,0,0,0.0000,0.0000,0.0000,0.0000,0.0000,0.0000,0.0000,0.0000,0.0000,0.0000,0.0000,0.0000,0.0000,0.0000,0.0000,0.0000,0.0000,0.0000,0.0000,0.0000,0.0000,0.0000,0.0000,0.0000
170,0,0,0,0,0,0,0,0,0,0,0,0,0,0,0,0,0,0,0,0,0,0,0,0,0,0,0,0,0,0,0,0,0,0,0,0,0,0,0,0,0,0,0,0,0,0.0000,0.0000,0.0000,0.0000,0.0000,0.0000,0.0000,0.0000,0.0000,0.0000,0.0000,0.0000,0.0000,0.0000,0.0000,0.0000,0.0000,0.0000,0.0000,0.0000,0.0000,0.0000,0.0000,0.0000
171,0,0,0,0,0,0,0,0,0,0,0,0,0,0,0,0,0,0,0,0,0,0,0,0,0,0,0,0,0,0,0,0,0,0,0,0,0,0,0,0,0,0,0,0,0,0.0000,0.0000,0.0000,0.0000,0.0000,0.0000,0.0000,0.0000,0.0000,0.0000,0.0000,0.0000,0.0000,0.0000,0.0000,0.0000,0.0000,0.0000,0.0000,0.0000,0.0000,0.0000,0.0000,0.0000
172,0,0,0,0,0,0,0,0,0,0,0,0,0,0,0,0,0,0,0,0,0,0,0,0,0,0,0,0,0,0,0,0,0,0,0,0,0,0,0,0,0,0,0,0,0,0.0000,0.0000,0.0000,0.0000,0.0000,0.0000,0.0000,0.0000,0.0000,0.0000,0.0000,0.0000,0.0000,0.0000,0.0000,0.0000,0.0000,0.0000,0.0000,0.0000,0.0000,0.0000,0.0000,0.0000
173,0,0,0,0,0,0,0,0,0,0,0,0,0,0,0,0,0,0,0,0,0,0,0,0,0,0,0,0,0,0,0,0,0,0,0,0,0,0,0,0,0,0,0,0,0,0.0000,0.0000,0.0000,0.0000,0.0000,0.0000,0.0000,0.0000,0.0000,0.0000,0.0000,0.0000,0.0000,0.0000,0.0000,0.0000,0.0000,0.0000,0.0000,0.0000,0.0000,0.0000,0.0000,0.0000
174,0,0,0,0,0,0,0,0,0,0,0,0,0,0,0,0,0,0,0,0,0,0,0,0,0,0,0,0,0,0,0,0,0,0,0,0,0,0,0,0,0,0,0,0,0,0.0000,0.0000,0.0000,0.0000,0.0000,0.0000,0.0000,0.0000,0.0000,0.0000,0.0000,0.0000,0.0000,0.0000,0.0000,0.0000,0.0000,0.0000,0.0000,0.0000,0.0000,0.0000,0.0000,0.0000
175,0,0,0,0,0,0,0,0,0,0,0,0,0,0,0,0,0,0,0,0,0,0,0,0,0,0,0,0,0,0,0,0,0,0,0,0,0,0,0,0,0,0,0,0,0,0.0000,0.0000,0.0000,0.0000,0.0000,0.0000,0.0000,0.0000,0.0000,0.0000,0.0000,0.0000,0.0000,0.0000,0.0000,0.0000,0.0000,0.0000,0.0000,0.0000,0.0000,0.0000,0.0000,0.0000
176,0,0,0,0,0,0,0,0,0,0,0,0,0,0,0,0,0,0,0,0,0,0,0,0,0,0,0,0,0,0,0,0,0,0,0,0,0,0,0,0,0,0,0,0,0,0.0000,0.0000,0.0000,0.0000,0.0000,0.0000,0.0000,0.0000,0.0000,0.0000,0.0000,0.0000,0.0000,0.0000,0.0000,0.0000,0.0000,0.0000,0.0000,0.0000,0.0000,0.0000,0.0000,0.0000
177,0,0,0,0,0,0,0,0,0,0,0,0,0,0,0,0,0,0,0,0,0,0,0,0,0,0,0,0,0,0,0,0,0,0,0,0,0,0,0,0,0,0,0,0,0,0.0000,0.0000,0.0000,0.0000,0.0000,0.0000,0.0000,0.0000,0.0000,0.0000,0.0000,0.0000,0.0000,0.0000,0.0000,0.0000,0.0000,0.0000,0.0000,0.0000,0.0000,0.0000,0.0000,0.0000
178,0,0,0,0,0,0,0,0,0,0,0,0,0,0,0,0,0,0,0,0,0,0,0,0,0,0,0,0,0,0,0,0,0,0,0,0,0,0,0,0,0,0,0,0,0,0.0000,0.0000,0.0000,0.0000,0.0000,0.0000,0.0000,0.0000,0.0000,0.0000,0.0000,0.0000,0.0000,0.0000,0.0000,0.0000,0.0000,0.0000,0.0000,0.0000,0.0000,0.0000,0.0000,0.0000
179,0,0,0,0,0,0,0,0,0,0,0,0,0,0,0,0,0,0,0,0,0,0,0,0,0,0,0,0,0,0,0,0,0,0,0,0,0,0,0,0,0,0,0,0,0,0.0000,0.0000,0.0000,0.0000,0.0000,0.0000,0.0000,0.0000,0.0000,0.0000,0.0000,0.0000,0.0000,0.0000,0.0000,0.0000,0.0000,0.0000,0.0000,0.0000,0.0000,0.0000,0.0000,0.0000
180,0,0,0,0,0,0,0,0,0,0,0,0,0,0,0,0,0,0,0,0,0,0,0,0,0,0,0,0,0,0,0,0,0,0,0,0,0,0,0,0,0,0,0,0,0,0.0000,0.0000,0.0000,0.0000,0.0000,0.0000,0.0000,0.0000,0.0000,0.0000,0.0000,0.0000,0.0000,0.0000,0.0000,0.0000,0.0000,0.0000,0.0000,0.0000,0.0000,0.0000,0.0000,0.0000
181,0,0,0,0,0,0,0,0,0,0,0,0,0,0,0,0,0,0,0,0,0,0,0,0,0,0,0,0,0,0,0,0,0,0,0,0,0,0,0,0,0,0,0,0,0,0.0000,0.0000,0.0000,0.0000,0.0000,0.0000,0.0000,0.0000,0.0000,0.0000,0.0000,0.0000,0.0000,0.0000,0.0000,0.0000,0.0000,0.0000,0.0000,0.0000,0.0000,0.0000,0.0000,0.0000
182,0,0,0,0,0,0,0,0,0,0,0,0,0,0,0,0,0,0,0,0,0,0,0,0,0,0,0,0,0,0,0,0,0,0,0,0,0,0,0,0,0,0,0,0,0,0.0000,0.0000,0.0000,0.0000,0.0000,0.0000,0.0000,0.0000,0.0000,0.0000,0.0000,0.0000,0.0000,0.0000,0.0000,0.0000,0.0000,0.0000,0.0000,0.0000,0.0000,0.0000,0.0000,0.0000
183,0,0,0,0,0,0,0,0,0,0,0,0,0,0,0,0,0,0,0,0,0,0,0,0,0,0,0,0,0,0,0,0,0,0,0,0,0,0,0,0,0,0,0,0,0,0.0000,0.0000,0.0000,0.0000,0.0000,0.0000,0.0000,0.0000,0.0000,0.0000,0.0000,0.0000,0.0000,0.0000,0.0000,0.0000,0.0000,0.0000,0.0000,0.0000,0.0000,0.0000,0.0000,0.0000
184,0,0,0,0,0,0,0,0,0,0,0,0,0,0,0,0,0,0,0,0,0,0,0,0,0,0,0,0,0,0,0,0,0,0,0,0,0,0,0,0,0,0,0,0,0,0.0000,0.0000,0.0000,0.0000,0.0000,0.0000,0.0000,0.0000,0.0000,0.0000,0.0000,0.0000,0.0000,0.0000,0.0000,0.0000,0.0000,0.0000,0.0000,0.0000,0.0000,0.0000,0.0000,0.0000
185,0,0,0,0,0,0,0,0,0,0,0,0,0,0,0,0,0,0,0,0,0,0,0,0,0,0,0,0,0,0,0,0,0,0,0,0,0,0,0,0,0,0,0,0,0,0.0000,0.0000,0.0000,0.0000,0.0000,0.0000,0.0000,0.0000,0.0000,0.0000,0.0000,0.0000,0.0000,0.0000,0.0000,0.0000,0.0000,0.0000,0.0000,0.0000,0.0000,0.0000,0.0000,0.0000
186,0,0,0,0,0,0,0,0,0,0,0,0,0,0,0,0,0,0,0,0,0,0,0,0,0,0,0,0,0,0,0,0,0,0,0,0,0,0,0,0,0,0,0,0,0,0.0000,0.0000,0.0000,0.0000,0.0000,0.0000,0.0000,0.0000,0.0000,0.0000,0.0000,0.0000,0.0000,0.0000,0.0000,0.0000,0.0000,0.0000,0.0000,0.0000,0.0000,0.0000,0.0000,0.0000
187,0,0,0,0,0,0,0,0,0,0,0,0,0,0,0,0,0,0,0,0,0,0,0,0,0,0,0,0,0,0,0,0,0,0,0,0,0,0,0,0,0,0,0,0,0,0.0000,0.0000,0.0000,0.0000,0.0000,0.0000,0.0000,0.0000,0.0000,0.0000,0.0000,0.0000,0.0000,0.0000,0.0000,0.0000,0.0000,0.0000,0.0000,0.0000,0.0000,0.0000,0.0000,0.0000
188,0,0,0,0,0,0,0,0,0,0,0,0,0,0,0,0,0,0,0,0,0,0,0,0,0,0,0,0,0,0,0,0,0,0,0,0,0,0,0,0,0,0,0,0,0,0.0000,0.0000,0.0000,0.0000,0.0000,0.0000,0.0000,0.0000,0.0000,0.0000,0.0000,0.0000,0.0000,0.0000,0.0000,0.0000,0.0000,0.0000,0.0000,0.0000,0.0000,0.0000,0.0000,0.0000
189,0,0,0,0,0,0,0,0,0,0,0,0,0,0,0,0,0,0,0,0,0,0,0,0,0,0,0,0,0,0,0,0,0,0,0,0,0,0,0,0,0,0,0,0,0,0.0000,0.0000,0.0000,0.0000,0.0000,0.0000,0.0000,0.0000,0.0000,0.0000,0.0000,0.0000,0.0000,0.0000,0.0000,0.0000,0.0000,0.0000,0.0000,0.0000,0.0000,0.0000,0.0000,0.0000
190,0,0,0,0,0,0,0,0,0,0,0,0,0,0,0,0,0,0,0,0,0,0,0,0,0,0,0,0,0,0,0,0,0,0,0,0,0,0,0,0,0,0,0,0,0,0.0000,0.0000,0.0000,0.0000,0.0000,0.0000,0.0000,0.0000,0.0000,0.0000,0.0000,0.0000,0.0000,0.0000,0.0000,0.0000,0.0000,0.0000,0.0000,0.0000,0.0000,0.0000,0.0000,0.0000
191,0,0,0,0,0,0,0,0,0,0,0,0,0,0,0,0,0,0,0,0,0,0,0,0,0,0,0,0,0,0,0,0,0,0,0,0,0,0,0,0,0,0,0,0,0,0.0000,0.0000,0.0000,0.0000,0.0000,0.0000,0.0000,0.0000,0.0000,0.0000,0.0000,0.0000,0.0000,0.0000,0.0000,0.0000,0.0000,0.0000,0.0000,0.0000,0.0000,0.0000,0.0000,0.0000
192,0,0,0,0,0,0,0,0,0,0,0,0,0,0,0,0,0,0,0,0,0,0,0,0,0,0,0,0,0,0,0,0,0,0,0,0,0,0,0,0,0,0,0,0,0,0.0000,0.0000,0.0000,0.0000,0.0000,0.0000,0.0000,0.0000,0.0000,0.0000,0.0000,0.0000,0.0000,0.0000,0.0000,0.0000,0.0000,0.0000,0.0000,0.0000,0.0000,0.0000,0.0000,0.0000
193,0,0,0,0,0,0,0,0,0,0,0,0,0,0,0,0,0,0,0,0,0,0,0,0,0,0,0,0,0,0,0,0,0,0,0,0,0,0,0,0,0,0,0,0,0,0.0000,0.0000,0.0000,0.0000,0.0000,0.0000,0.0000,0.0000,0.0000,0.0000,0.0000,0.0000,0.0000,0.0000,0.0000,0.0000,0.0000,0.0000,0.0000,0.0000,0.0000,0.0000,0.0000,0.0000
194,0,0,0,0,0,0,0,0,0,0,0,0,0,0,0,0,0,0,0,0,0,0,0,0,0,0,0,0,0,0,0,0,0,0,0,0,0,0,0,0,0,0,0,0,0,0.0000,0.0000,0.0000,0.0000,0.0000,0.0000,0.0000,0.0000,0.0000,0.0000,0.0000,0.0000,0.0000,0.0000,0.0000,0.0000,0.0000,0.0000,0.0000,0.0000,0.0000,0.0000,0.0000,0.0000
